year,cause_id,rows,facilities,dates,first_date,last_date,missing_key_cells,missing_measure_cells,missing_facility_type,recorded_zero_total_rows,duplicate_key_extras,age_sum_mismatches
2020,1,194541,607,366,2020-01-01,2020-12-31,0,0,0,3839,0,0
2020,2,194541,607,366,2020-01-01,2020-12-31,0,0,0,38434,0,0
2021,1,220406,635,365,2021-01-01,2021-12-31,0,0,0,8163,0,0
2021,2,220406,635,365,2021-01-01,2021-12-31,0,0,0,46616,0,0
2022,1,223158,638,365,2022-01-01,2022-12-31,0,0,0,8425,0,0
2022,2,223158,638,365,2022-01-01,2022-12-31,0,0,0,21424,0,0
2023,1,222477,642,365,2023-01-01,2023-12-31,0,0,0,7357,1,0
2023,2,222477,642,365,2023-01-01,2023-12-31,0,0,0,15157,1,0
2024,1,224330,640,366,2024-01-01,2024-12-31,0,0,0,7640,0,0
2024,2,224330,640,366,2024-01-01,2024-12-31,0,0,0,14800,0,0
