week_start,week_end,reporting_year,all_emergency_visits,respiratory_visits,observed_days,complete_week,respiratory_share_pct
2019-12-29,2020-01-04,2020,193041,30771,4,False,15.94013706932724
2020-01-05,2020-01-11,2020,321160,49329,7,True,15.359633827375763
2020-01-12,2020-01-18,2020,312460,43757,7,True,14.004032516162068
2020-01-19,2020-01-25,2020,316335,40940,7,True,12.941976069672974
2020-01-26,2020-02-01,2020,313951,40714,7,True,12.968265748476673
2020-02-02,2020-02-08,2020,302503,40916,7,True,13.525816272896467
2020-02-09,2020-02-15,2020,304569,41018,7,True,13.467555791955188
2020-02-16,2020-02-22,2020,312988,43091,7,True,13.767620483852417
2020-02-23,2020-02-29,2020,302321,45317,7,True,14.989696382322101
2020-03-01,2020-03-07,2020,309707,51919,7,True,16.763909114098162
2020-03-08,2020-03-14,2020,348026,80857,7,True,23.2330343135283
2020-03-15,2020-03-21,2020,271575,103314,7,True,38.04252968793151
2020-03-22,2020-03-28,2020,171651,50400,7,True,29.361902930947096
2020-03-29,2020-04-04,2020,158144,32278,7,True,20.410511938486444
2020-04-05,2020-04-11,2020,147997,23655,7,True,15.983432096596554
2020-04-12,2020-04-18,2020,147101,18693,7,True,12.707595461621606
2020-04-19,2020-04-25,2020,151830,16186,7,True,10.660607258117631
2020-04-26,2020-05-02,2020,162870,15898,7,True,9.761159206729292
2020-05-03,2020-05-09,2020,167543,16069,7,True,9.590970676184622
2020-05-10,2020-05-16,2020,164548,16028,7,True,9.740622796995405
2020-05-17,2020-05-23,2020,164476,17308,7,True,10.52311583452905
2020-05-24,2020-05-30,2020,163261,16664,7,True,10.206969208812882
2020-05-31,2020-06-06,2020,154616,14219,7,True,9.196331556889326
2020-06-07,2020-06-13,2020,148993,12212,7,True,8.196358218171323
2020-06-14,2020-06-20,2020,147126,10682,7,True,7.260443429441431
2020-06-21,2020-06-27,2020,143859,9092,7,True,6.320077297909759
2020-06-28,2020-07-04,2020,150619,9208,7,True,6.113438543610036
2020-07-05,2020-07-11,2020,157383,9023,7,True,5.733147798682196
2020-07-12,2020-07-18,2020,167201,9205,7,True,5.505349848386074
2020-07-19,2020-07-25,2020,170429,9020,7,True,5.2925265066391285
2020-07-26,2020-08-01,2020,169497,8788,7,True,5.1847525324932
2020-08-02,2020-08-08,2020,175824,9445,7,True,5.371849121849122
2020-08-09,2020-08-15,2020,171238,9467,7,True,5.528562585407444
2020-08-16,2020-08-22,2020,179239,10176,7,True,5.677335847667082
2020-08-23,2020-08-29,2020,183408,10853,7,True,5.917408182849167
2020-08-30,2020-09-05,2020,192434,11273,7,True,5.858112391781078
2020-09-06,2020-09-12,2020,199109,12066,7,True,6.059997287917673
2020-09-13,2020-09-19,2020,195789,11346,7,True,5.79501402019521
2020-09-20,2020-09-26,2020,228619,14716,7,True,6.4369103180400575
2020-09-27,2020-10-03,2020,211559,13241,7,True,6.258774148109984
2020-10-04,2020-10-10,2020,214803,13269,7,True,6.177288026703538
2020-10-11,2020-10-17,2020,226218,13596,7,True,6.010131819749091
2020-10-18,2020-10-24,2020,227223,13916,7,True,6.124380014347139
2020-10-25,2020-10-31,2020,228390,14709,7,True,6.440299487718376
2020-11-01,2020-11-07,2020,237801,15277,7,True,6.424279124141615
2020-11-08,2020-11-14,2020,243155,15343,7,True,6.309966893545269
2020-11-15,2020-11-21,2020,244339,16147,7,True,6.608441550468815
2020-11-22,2020-11-28,2020,250917,16689,7,True,6.651203385980224
2020-11-29,2020-12-05,2020,250177,16714,7,True,6.680869944079592
2020-12-06,2020-12-12,2020,248585,16177,7,True,6.507633203934268
2020-12-13,2020-12-19,2020,240620,15716,7,True,6.531460393982212
2020-12-20,2020-12-26,2020,233429,14922,7,True,6.392521923154364
2020-12-27,2021-01-02,2021,256513,16651,7,True,6.491288940521533
2021-01-03,2021-01-09,2021,263944,17066,7,True,6.465765465401752
2021-01-10,2021-01-16,2021,246094,15680,7,True,6.371549082870773
2021-01-17,2021-01-23,2021,248121,14272,7,True,5.752032274575711
2021-01-24,2021-01-30,2021,245548,13525,7,True,5.508088031667943
2021-01-31,2021-02-06,2021,242899,12921,7,True,5.319494934108415
2021-02-07,2021-02-13,2021,248757,12936,7,True,5.200255671197192
2021-02-14,2021-02-20,2021,247901,13840,7,True,5.582873808496133
2021-02-21,2021-02-27,2021,256394,15493,7,True,6.042653104206806
2021-02-28,2021-03-06,2021,266366,17645,7,True,6.624343947801146
2021-03-07,2021-03-13,2021,272760,19169,7,True,7.0277899985335095
2021-03-14,2021-03-20,2021,264703,20048,7,True,7.573771358843685
2021-03-21,2021-03-27,2021,257150,20450,7,True,7.952556873420183
2021-03-28,2021-04-03,2021,245245,18755,7,True,7.647454586230096
2021-04-04,2021-04-10,2021,242958,18032,7,True,7.4218589221182265
2021-04-11,2021-04-17,2021,244559,17649,7,True,7.216663463622275
2021-04-18,2021-04-24,2021,234291,16073,7,True,6.860272054837787
2021-04-25,2021-05-01,2021,228613,15404,7,True,6.738024521790099
2021-05-02,2021-05-08,2021,228202,16081,7,True,7.046826934032129
2021-05-09,2021-05-15,2021,235038,17634,7,True,7.502616598167105
2021-05-16,2021-05-22,2021,245889,20478,7,True,8.328148066810634
2021-05-23,2021-05-29,2021,255728,22726,7,True,8.886785960082587
2021-05-30,2021-06-05,2021,260727,23438,7,True,8.989479417168148
2021-06-06,2021-06-12,2021,256469,24057,7,True,9.38008102343753
2021-06-13,2021-06-19,2021,248895,23854,7,True,9.583961108097792
2021-06-20,2021-06-26,2021,238955,22867,7,True,9.56958423134063
2021-06-27,2021-07-03,2021,239630,23072,7,True,9.628176772524307
2021-07-04,2021-07-10,2021,233102,22299,7,True,9.56619848821546
2021-07-11,2021-07-17,2021,228624,22062,7,True,9.649905521730002
2021-07-18,2021-07-24,2021,249822,24757,7,True,9.909855817341947
2021-07-25,2021-07-31,2021,247081,24776,7,True,10.027480866598403
2021-08-01,2021-08-07,2021,251083,25863,7,True,10.300577896552136
2021-08-08,2021-08-14,2021,255013,28002,7,True,10.980616674444049
2021-08-15,2021-08-21,2021,255374,28091,7,True,10.999945178444165
2021-08-22,2021-08-28,2021,265592,29475,7,True,11.09784933281123
2021-08-29,2021-09-04,2021,267932,28224,7,True,10.5340160936357
2021-09-05,2021-09-11,2021,263841,29870,7,True,11.321212396860231
2021-09-12,2021-09-18,2021,251319,28625,7,True,11.389906851451741
2021-09-19,2021-09-25,2021,298132,35982,7,True,12.069150577596501
2021-09-26,2021-10-02,2021,286234,34071,7,True,11.903198082687592
2021-10-03,2021-10-09,2021,285710,35721,7,True,12.502537538063072
2021-10-10,2021-10-16,2021,293974,38196,7,True,12.992985774252144
2021-10-17,2021-10-23,2021,306330,41003,7,True,13.385238141873144
2021-10-24,2021-10-30,2021,311247,42451,7,True,13.639006962316103
2021-10-31,2021-11-06,2021,320669,45640,7,True,14.232744668178091
2021-11-07,2021-11-13,2021,322260,46132,7,True,14.315149258362812
2021-11-14,2021-11-20,2021,326420,47697,7,True,14.612156117884934
2021-11-21,2021-11-27,2021,320941,44539,7,True,13.877628598402822
2021-11-28,2021-12-04,2021,309810,42867,7,True,13.836544979180788
2021-12-05,2021-12-11,2021,304123,40484,7,True,13.311719271478974
2021-12-12,2021-12-18,2021,295921,39284,7,True,13.275164655431686
2021-12-19,2021-12-25,2021,287053,38376,7,True,13.368959739142248
2021-12-26,2022-01-01,2022,312984,44748,7,True,14.297216471129515
2022-01-02,2022-01-08,2022,343187,53128,7,True,15.48077287309834
2022-01-09,2022-01-15,2022,350867,51824,7,True,14.770269076316668
2022-01-16,2022-01-22,2022,365267,54914,7,True,15.033934081096842
2022-01-23,2022-01-29,2022,399174,56190,7,True,14.076568113153662
2022-01-30,2022-02-05,2022,404056,54121,7,True,13.394430474983666
2022-02-06,2022-02-12,2022,391934,49799,7,True,12.705965800364346
2022-02-13,2022-02-19,2022,366486,44377,7,True,12.108784510185927
2022-02-20,2022-02-26,2022,342780,38379,7,True,11.196394188692455
2022-02-27,2022-03-05,2022,326990,33812,7,True,10.340377381571303
2022-03-06,2022-03-12,2022,351923,44427,7,True,12.62406833312969
2022-03-13,2022-03-19,2022,392545,68850,7,True,17.539390388363117
2022-03-20,2022-03-26,2022,381080,77808,7,True,20.417760050383123
2022-03-27,2022-04-02,2022,357411,70034,7,True,19.594808217989932
2022-04-03,2022-04-09,2022,348778,67158,7,True,19.255228254075657
2022-04-10,2022-04-16,2022,332481,67473,7,True,20.293791224160177
2022-04-17,2022-04-23,2022,358327,78526,7,True,21.914619886304965
2022-04-24,2022-04-30,2022,340237,78950,7,True,23.204413394192873
2022-05-01,2022-05-07,2022,367163,93045,7,True,25.341605771823414
2022-05-08,2022-05-14,2022,378436,104084,7,True,27.503725861175997
2022-05-15,2022-05-21,2022,397661,119455,7,True,30.039405423212234
2022-05-22,2022-05-28,2022,395454,121534,7,True,30.732778022222558
2022-05-29,2022-06-04,2022,381982,122098,7,True,31.964333397908803
2022-06-05,2022-06-11,2022,414075,131270,7,True,31.701986355128902
2022-06-12,2022-06-18,2022,403769,128167,7,True,31.742654834818918
2022-06-19,2022-06-25,2022,378648,120182,7,True,31.739768861845302
2022-06-26,2022-07-02,2022,348672,103633,7,True,29.7222031020558
2022-07-03,2022-07-09,2022,310447,85644,7,True,27.587317641980757
2022-07-10,2022-07-16,2022,285153,70084,7,True,24.57768285797449
2022-07-17,2022-07-23,2022,299017,66667,7,True,22.295387887645184
2022-07-24,2022-07-30,2022,331019,70750,7,True,21.373395484851322
2022-07-31,2022-08-06,2022,351283,84353,7,True,24.012832958042377
2022-08-07,2022-08-13,2022,393936,111119,7,True,28.20737378660493
2022-08-14,2022-08-20,2022,395916,115843,7,True,29.25948938663757
2022-08-21,2022-08-27,2022,395160,109753,7,True,27.774319263083306
2022-08-28,2022-09-03,2022,380704,104564,7,True,27.465957804488525
2022-09-04,2022-09-10,2022,371712,100929,7,True,27.152472882231404
2022-09-11,2022-09-17,2022,341999,87433,7,True,25.56527943064161
2022-09-18,2022-09-24,2022,373657,99872,7,True,26.728256127946217
2022-09-25,2022-10-01,2022,381837,95767,7,True,25.080597218184725
2022-10-02,2022-10-08,2022,382811,101567,7,True,26.531891716800196
2022-10-09,2022-10-15,2022,413702,127520,7,True,30.824119777037577
2022-10-16,2022-10-22,2022,436245,142006,7,True,32.55189171222593
2022-10-23,2022-10-29,2022,440919,153307,7,True,34.76987836768205
2022-10-30,2022-11-05,2022,448659,161522,7,True,36.00106093937712
2022-11-06,2022-11-12,2022,440577,149724,7,True,33.9836169386963
2022-11-13,2022-11-19,2022,432984,144534,7,True,33.380910149104814
2022-11-20,2022-11-26,2022,419088,131913,7,True,31.47620547474516
2022-11-27,2022-12-03,2022,392648,114377,7,True,29.129653022554553
2022-12-04,2022-12-10,2022,374257,101912,7,True,27.230486002933812
2022-12-11,2022-12-17,2022,361178,91555,7,True,25.348996893498498
2022-12-18,2022-12-24,2022,332884,75963,7,True,22.819660902897105
2022-12-25,2022-12-31,2022,344551,74590,7,True,21.64846423316142
2023-01-01,2023-01-07,2023,347113,66345,7,True,19.11337230239144
2023-01-08,2023-01-14,2023,330445,54791,7,True,16.58097414093117
2023-01-15,2023-01-21,2023,314832,47517,7,True,15.092811404177466
2023-01-22,2023-01-28,2023,311873,43284,7,True,13.878726276400972
2023-01-29,2023-02-04,2023,308266,40638,7,True,13.18277072398513
2023-02-05,2023-02-11,2023,314905,41397,7,True,13.145869389180865
2023-02-12,2023-02-18,2023,314652,44948,7,True,14.284987859603625
2023-02-19,2023-02-25,2023,319964,48994,7,True,15.312347639109399
2023-02-26,2023-03-04,2023,325099,53186,7,True,16.359939587633306
2023-03-05,2023-03-11,2023,362875,76668,7,True,21.127936617292455
2023-03-12,2023-03-18,2023,429693,130495,7,True,30.36935672677935
2023-03-19,2023-03-25,2023,423144,124671,7,True,29.463019681243264
2023-03-26,2023-04-01,2023,400698,111225,7,True,27.757812616983365
2023-04-02,2023-04-08,2023,383696,104268,7,True,27.174638255285434
2023-04-09,2023-04-15,2023,403445,112541,7,True,27.895004275675742
2023-04-16,2023-04-22,2023,403053,124263,7,True,30.8304366919487
2023-04-23,2023-04-29,2023,409467,139010,7,True,33.94901176407378
2023-04-30,2023-05-06,2023,417013,159489,7,True,38.245570281981614
2023-05-07,2023-05-13,2023,437754,172501,7,True,39.40592204754268
2023-05-14,2023-05-20,2023,454373,189297,7,True,41.661146238883035
2023-05-21,2023-05-27,2023,423529,180953,7,True,42.72505542713722
2023-05-28,2023-06-03,2023,409829,172996,7,True,42.211751730599836
2023-06-04,2023-06-10,2023,377715,152101,7,True,40.26872112571648
2023-06-11,2023-06-17,2023,345119,135528,7,True,39.26993297963891
2023-06-18,2023-06-24,2023,322442,111927,7,True,34.71228934195918
2023-06-25,2023-07-01,2023,307826,93403,7,True,30.34279105728561
2023-07-02,2023-07-08,2023,279250,75663,7,True,27.095076096687556
2023-07-09,2023-07-15,2023,271121,67235,7,True,24.798890532271567
2023-07-16,2023-07-22,2023,297077,69580,7,True,23.421537177230146
2023-07-23,2023-07-29,2023,318883,79770,7,True,25.015444536083766
2023-07-30,2023-08-05,2023,340169,94281,7,True,27.71592943507492
2023-08-06,2023-08-12,2023,362998,111892,7,True,30.824412255714908
2023-08-13,2023-08-19,2023,366541,115571,7,True,31.53016988549712
2023-08-20,2023-08-26,2023,344956,103875,7,True,30.1125360915595
2023-08-27,2023-09-02,2023,359669,107101,7,True,29.777656678779657
2023-09-03,2023-09-09,2023,367929,112832,7,True,30.666786254956797
2023-09-10,2023-09-16,2023,364475,116875,7,True,32.06667123945401
2023-09-17,2023-09-23,2023,393545,132660,7,True,33.708978642848976
2023-09-24,2023-09-30,2023,411987,134980,7,True,32.76316971166566
2023-10-01,2023-10-07,2023,401254,131936,7,True,32.88091832106347
2023-10-08,2023-10-14,2023,423207,144264,7,True,34.08828303879662
2023-10-15,2023-10-21,2023,424081,141503,7,True,33.36697470530394
2023-10-22,2023-10-28,2023,410771,133605,7,True,32.525421706985156
2023-10-29,2023-11-04,2023,391494,125307,7,True,32.00738708639213
2023-11-05,2023-11-11,2023,397442,119211,7,True,29.994565244740112
2023-11-12,2023-11-18,2023,395202,120122,7,True,30.395089093678674
2023-11-19,2023-11-25,2023,397315,115798,7,True,29.145136730302152
2023-11-26,2023-12-02,2023,385287,106908,7,True,27.74762709356921
2023-12-03,2023-12-09,2023,375894,102404,7,True,27.24278653024523
2023-12-10,2023-12-16,2023,364634,91826,7,True,25.1830602741379
2023-12-17,2023-12-23,2023,352418,83669,7,True,23.74140934912519
2023-12-24,2023-12-30,2023,354684,77774,7,True,21.92768774458391
2023-12-31,2024-01-06,2024,343602,65156,7,True,18.962637004441184
2024-01-07,2024-01-13,2024,337433,58405,7,True,17.308621267036717
2024-01-14,2024-01-20,2024,329752,53295,7,True,16.162146097673403
2024-01-21,2024-01-27,2024,332484,50942,7,True,15.321639537541657
2024-01-28,2024-02-03,2024,329422,49679,7,True,15.080656422461159
2024-02-04,2024-02-10,2024,333433,53396,7,True,16.01401181046867
2024-02-11,2024-02-17,2024,331260,54335,7,True,16.402523697397815
2024-02-18,2024-02-24,2024,332660,55207,7,True,16.595623158780736
2024-02-25,2024-03-02,2024,328106,55612,7,True,16.949400498619347
2024-03-03,2024-03-09,2024,334322,60987,7,True,18.241994245069126
2024-03-10,2024-03-16,2024,380401,97459,7,True,25.620069347872377
2024-03-17,2024-03-23,2024,411886,128021,7,True,31.081658517162516
2024-03-24,2024-03-30,2024,389684,104311,7,True,26.768099280442616
2024-03-31,2024-04-06,2024,387056,102746,7,True,26.545512794014304
2024-04-07,2024-04-13,2024,382753,106439,7,True,27.808795750784448
2024-04-14,2024-04-20,2024,402756,124290,7,True,30.859875458093732
2024-04-21,2024-04-27,2024,411101,143265,7,True,34.84910034273816
2024-04-28,2024-05-04,2024,412132,160957,7,True,39.05472033232071
2024-05-05,2024-05-11,2024,413480,171509,7,True,41.47939440843572
2024-05-12,2024-05-18,2024,446354,203353,7,True,45.5586821222617
2024-05-19,2024-05-25,2024,421048,188234,7,True,44.70606676673444
2024-05-26,2024-06-01,2024,391610,145518,7,True,37.158908097341744
2024-06-02,2024-06-08,2024,372243,125438,7,True,33.697880148182776
2024-06-09,2024-06-15,2024,326514,97910,7,True,29.986463061308243
2024-06-16,2024-06-22,2024,293573,78571,7,True,26.76370102155171
2024-06-23,2024-06-29,2024,286002,70981,7,True,24.818357913581025
2024-06-30,2024-07-06,2024,281689,63949,7,True,22.70198694304712
2024-07-07,2024-07-13,2024,297231,67356,7,True,22.661162530153316
2024-07-14,2024-07-20,2024,327633,84371,7,True,25.751679470627195
2024-07-21,2024-07-27,2024,363229,104963,7,True,28.89719708503451
2024-07-28,2024-08-03,2024,356496,115499,7,True,32.398399982047486
2024-08-04,2024-08-10,2024,363760,119064,7,True,32.731471299758084
2024-08-11,2024-08-17,2024,386874,124938,7,True,32.294235332433814
2024-08-18,2024-08-24,2024,391743,130907,7,True,33.41655115726382
2024-08-25,2024-08-31,2024,394895,127521,7,True,32.292381519138
2024-09-01,2024-09-07,2024,398356,127900,7,True,32.10695960397233
2024-09-08,2024-09-14,2024,397614,127925,7,True,32.1731629167987
2024-09-15,2024-09-21,2024,388328,121800,7,True,31.365237634164934
2024-09-22,2024-09-28,2024,416595,126500,7,True,30.365222818324753
2024-09-29,2024-10-05,2024,397258,115257,7,True,29.013135040704025
2024-10-06,2024-10-12,2024,409413,121317,7,True,29.631936455364144
2024-10-13,2024-10-19,2024,411775,126642,7,True,30.75514540707911
2024-10-20,2024-10-26,2024,408318,125028,7,True,30.62025186251892
2024-10-27,2024-11-02,2024,396609,120043,7,True,30.267341386604944
2024-11-03,2024-11-09,2024,404459,117849,7,True,29.137440383326865
2024-11-10,2024-11-16,2024,403396,114917,7,True,28.487392041567094
2024-11-17,2024-11-23,2024,403273,118730,7,True,29.441594155820002
2024-11-24,2024-11-30,2024,400501,120315,7,True,30.041123492825236
2024-12-01,2024-12-07,2024,392765,122370,7,True,31.156034779066363
2024-12-08,2024-12-14,2024,377971,107322,7,True,28.39424188628228
2024-12-15,2024-12-21,2024,358752,88580,7,True,24.69115154758719
2024-12-22,2024-12-28,2024,347137,75340,7,True,21.703246844905614
2024-12-29,2025-01-04,2025,142035,27672,3,False,19.482521913612842
